[
{
    "pk": 1, 
    "model": "cabot_alert_hipchat.hipchatalert", 
    "fields": {}
},
{
    "pk": 2, 
    "model": "cabot_alert_twilio.twiliophonecall", 
    "fields": {}
},
{
    "pk": 3, 
    "model": "cabot_alert_twilio.twiliosms", 
    "fields": {}
},
{
    "pk": 4, 
    "model": "cabot_alert_email.emailalert", 
    "fields": {}
},
{
    "pk": 1, 
    "model": "auth.user", 
    "fields": {
        "username": "admin", 
        "first_name": "", 
        "last_name": "", 
        "is_active": true, 
        "is_superuser": true, 
        "is_staff": true, 
        "last_login": "2017-02-04T03:46:23.396Z", 
        "groups": [], 
        "user_permissions": [], 
        "password": "pbkdf2_sha256$12000$wyD4I0ZOaZuR$SR80eJ0Nzk4nH6HuCC4b3eDluDixdQ3hFmHR/zgtiwM=", 
        "email": "xilin@vanecloud.com", 
        "date_joined": "2014-04-14T15:29:36.813Z"
    }
},
{
    "pk": 1, 
    "model": "cabotapp.service", 
    "fields": {
        "telephone_alert": false, 
        "count": 1, 
        "old_overall_status": "PASSING", 
        "name": "vanecloud_online_services", 
        "last_alert_sent": null, 
        "email_alert": false, 
        "alerts": [
            4
        ], 
        "old_failed_checker_count": 0, 
        "runbook_link": "", 
        "hackpad_id": "", 
        "url": "", 
        "overall_status": "PASSING", 
        "status_checks": [
            2, 
            15, 
            16, 
            17, 
            18, 
            19, 
            20, 
            21, 
            22, 
            23, 
            24, 
            25, 
            26, 
            27, 
            28, 
            29
        ], 
        "sms_alert": false, 
        "users_to_notify": [
            1
        ], 
        "instances": [], 
        "alerts_enabled": true, 
        "hipchat_alert": true
    }
},
{
    "pk": 2, 
    "model": "cabotapp.service", 
    "fields": {
        "telephone_alert": false, 
        "count": 1, 
        "old_overall_status": "PASSING", 
        "name": "vanecloud_online_physicals", 
        "last_alert_sent": null, 
        "email_alert": false, 
        "alerts": [
            4
        ], 
        "old_failed_checker_count": 0, 
        "runbook_link": "", 
        "hackpad_id": "", 
        "url": "", 
        "overall_status": "PASSING", 
        "status_checks": [
            4, 
            5, 
            6, 
            8, 
            9, 
            7, 
            10, 
            11, 
            12
        ], 
        "sms_alert": false, 
        "users_to_notify": [
            1
        ], 
        "instances": [], 
        "alerts_enabled": true, 
        "hipchat_alert": true
    }
},
{
    "pk": 3, 
    "model": "cabotapp.service", 
    "fields": {
        "telephone_alert": false, 
        "count": 1, 
        "old_overall_status": "PASSING", 
        "name": "vanecloud_online_ceph", 
        "last_alert_sent": null, 
        "email_alert": false, 
        "alerts": [
            4
        ], 
        "old_failed_checker_count": 0, 
        "runbook_link": "", 
        "hackpad_id": "", 
        "url": "", 
        "overall_status": "PASSING", 
        "status_checks": [
            1, 
            3, 
            13, 
            14, 
            30
        ], 
        "sms_alert": false, 
        "users_to_notify": [], 
        "instances": [], 
        "alerts_enabled": true, 
        "hipchat_alert": true
    }
},
{
    "pk": 1, 
    "model": "cabotapp.statuscheck", 
    "fields": {
        "check_type": ">", 
        "status_code": "200", 
        "metric": "alias(removeAbovePercentile(sumSeries(collectd.*.ceph-ceph-pool-*.gauge-op_per_sec), 99), 'IOPS')", 
        "max_queued_build_time": null, 
        "frequency": 1, 
        "last_run": "2017-02-04T05:34:21.477Z", 
        "expected_num_hosts": 0, 
        "allowed_num_failures": 0, 
        "text_match": null, 
        "created_by": 1, 
        "username": null, 
        "importance": "ERROR", 
        "calculated_status": "passing", 
        "cached_health": "1,1,1,1,1,1,1,1,1,1", 
        "active": true, 
        "password": null, 
        "polymorphic_ctype": 28, 
        "endpoint": null, 
        "name": "IOPS", 
        "verify_ssl_certificate": true, 
        "debounce": 3, 
        "value": "1400", 
        "timeout": 30
    }
},
{
    "pk": 2, 
    "model": "cabotapp.statuscheck", 
    "fields": {
        "check_type": "<", 
        "status_code": "200", 
        "metric": "collectd.online-ctrl-01.df-root.df_complex-free", 
        "max_queued_build_time": null, 
        "frequency": 1, 
        "last_run": "2017-02-04T05:33:27.407Z", 
        "expected_num_hosts": 0, 
        "allowed_num_failures": 0, 
        "text_match": null, 
        "created_by": 1, 
        "username": null, 
        "importance": "ERROR", 
        "calculated_status": "passing", 
        "cached_health": "1,1,1,1,1,1,1,1,1,1", 
        "active": true, 
        "password": null, 
        "polymorphic_ctype": 28, 
        "endpoint": null, 
        "name": "online_host_disk_monitor", 
        "verify_ssl_certificate": true, 
        "debounce": 3, 
        "value": "6000000000", 
        "timeout": 30
    }
},
{
    "pk": 3, 
    "model": "cabotapp.statuscheck", 
    "fields": {
        "check_type": "<", 
        "status_code": "200", 
        "metric": "alias(collectd.*.ceph-ceph-osd.gauge-up, 'Up')", 
        "max_queued_build_time": null, 
        "frequency": 1, 
        "last_run": "2017-02-04T05:33:47.172Z", 
        "expected_num_hosts": 0, 
        "allowed_num_failures": 0, 
        "text_match": null, 
        "created_by": 1, 
        "username": null, 
        "importance": "ERROR", 
        "calculated_status": "passing", 
        "cached_health": "1,1,1,1,1,1,1,1,1,1", 
        "active": true, 
        "password": null, 
        "polymorphic_ctype": 28, 
        "endpoint": null, 
        "name": "OSD_Status", 
        "verify_ssl_certificate": true, 
        "debounce": 3, 
        "value": "9", 
        "timeout": 30
    }
},
{
    "pk": 4, 
    "model": "cabotapp.statuscheck", 
    "fields": {
        "check_type": "<=", 
        "status_code": "200", 
        "metric": "collectd.online-ctrl-01.memory.memory-free", 
        "max_queued_build_time": null, 
        "frequency": 1, 
        "last_run": "2017-02-04T05:35:05.393Z", 
        "expected_num_hosts": 0, 
        "allowed_num_failures": 0, 
        "text_match": null, 
        "created_by": 1, 
        "username": null, 
        "importance": "ERROR", 
        "calculated_status": "passing", 
        "cached_health": "1,1,1,1,1,1,1,1,1,1", 
        "active": true, 
        "password": null, 
        "polymorphic_ctype": 28, 
        "endpoint": null, 
        "name": "physical_ctl1_memfree", 
        "verify_ssl_certificate": true, 
        "debounce": 3, 
        "value": "4096000000", 
        "timeout": 30
    }
},
{
    "pk": 5, 
    "model": "cabotapp.statuscheck", 
    "fields": {
        "check_type": "<=", 
        "status_code": "200", 
        "metric": "collectd.online-ctrl-01.df-root.df_complex-free", 
        "max_queued_build_time": null, 
        "frequency": 1, 
        "last_run": "2017-02-04T05:35:18.622Z", 
        "expected_num_hosts": 0, 
        "allowed_num_failures": 0, 
        "text_match": null, 
        "created_by": 1, 
        "username": null, 
        "importance": "ERROR", 
        "calculated_status": "passing", 
        "cached_health": "1,1,1,1,1,1,1,1,1,1", 
        "active": true, 
        "password": null, 
        "polymorphic_ctype": 28, 
        "endpoint": null, 
        "name": "physical_ctl1_rootfree", 
        "verify_ssl_certificate": true, 
        "debounce": 0, 
        "value": "6000000000", 
        "timeout": 30
    }
},
{
    "pk": 6, 
    "model": "cabotapp.statuscheck", 
    "fields": {
        "check_type": ">=", 
        "status_code": "200", 
        "metric": "asPercent(collectd.online-ctrl-01.load.load.shortterm, alias(sumSeries(offset(scale(collectd.online-ctrl-01.cpu-*.cpu-idle, 0), 1)), 'cpu'))", 
        "max_queued_build_time": null, 
        "frequency": 1, 
        "last_run": "2017-02-04T05:35:08.433Z", 
        "expected_num_hosts": 0, 
        "allowed_num_failures": 0, 
        "text_match": null, 
        "created_by": 1, 
        "username": null, 
        "importance": "ERROR", 
        "calculated_status": "passing", 
        "cached_health": "-1,1,-1,-1,-1,-1,-1,1,1,1", 
        "active": true, 
        "password": null, 
        "polymorphic_ctype": 28, 
        "endpoint": null, 
        "name": "physical_ctl1_sysload", 
        "verify_ssl_certificate": true, 
        "debounce": 0, 
        "value": "60", 
        "timeout": 30
    }
},
{
    "pk": 7, 
    "model": "cabotapp.statuscheck", 
    "fields": {
        "check_type": ">=", 
        "status_code": "200", 
        "metric": "asPercent(collectd.online-ctrl-02.load.load.shortterm, alias(sumSeries(offset(scale(collectd.online-ctrl-02.cpu-*.cpu-idle, 0), 1)), 'cpu'))", 
        "max_queued_build_time": null, 
        "frequency": 1, 
        "last_run": "2017-02-04T05:32:03.621Z", 
        "expected_num_hosts": 0, 
        "allowed_num_failures": 0, 
        "text_match": null, 
        "created_by": 1, 
        "username": null, 
        "importance": "ERROR", 
        "calculated_status": "passing", 
        "cached_health": "1,1,1,1,1,1,1,1,-1,1", 
        "active": true, 
        "password": null, 
        "polymorphic_ctype": 28, 
        "endpoint": null, 
        "name": "physical_ctl2_sysload", 
        "verify_ssl_certificate": true, 
        "debounce": 0, 
        "value": "60", 
        "timeout": 30
    }
},
{
    "pk": 8, 
    "model": "cabotapp.statuscheck", 
    "fields": {
        "check_type": "<=", 
        "status_code": "200", 
        "metric": "collectd.online-ctrl-02.memory.memory-free", 
        "max_queued_build_time": null, 
        "frequency": 1, 
        "last_run": "2017-02-04T05:33:24.469Z", 
        "expected_num_hosts": 0, 
        "allowed_num_failures": 0, 
        "text_match": null, 
        "created_by": 1, 
        "username": null, 
        "importance": "ERROR", 
        "calculated_status": "passing", 
        "cached_health": "1,1,1,1,1,1,1,1,1,1", 
        "active": true, 
        "password": null, 
        "polymorphic_ctype": 28, 
        "endpoint": null, 
        "name": "physical_ctl2_memfree", 
        "verify_ssl_certificate": true, 
        "debounce": 0, 
        "value": "4096000000", 
        "timeout": 30
    }
},
{
    "pk": 9, 
    "model": "cabotapp.statuscheck", 
    "fields": {
        "check_type": "<=", 
        "status_code": "200", 
        "metric": "collectd.online-ctrl-02.df-root.df_complex-free", 
        "max_queued_build_time": null, 
        "frequency": 1, 
        "last_run": "2017-02-04T05:34:28.048Z", 
        "expected_num_hosts": 0, 
        "allowed_num_failures": 0, 
        "text_match": null, 
        "created_by": 1, 
        "username": null, 
        "importance": "ERROR", 
        "calculated_status": "passing", 
        "cached_health": "1,1,1,1,1,1,1,1,1,1", 
        "active": true, 
        "password": null, 
        "polymorphic_ctype": 28, 
        "endpoint": null, 
        "name": "physical_ctl2_rootfree", 
        "verify_ssl_certificate": true, 
        "debounce": 0, 
        "value": "10000000000", 
        "timeout": 30
    }
},
{
    "pk": 10, 
    "model": "cabotapp.statuscheck", 
    "fields": {
        "check_type": "<=", 
        "status_code": "200", 
        "metric": "collectd.online-ctrl-03.memory.memory-free", 
        "max_queued_build_time": null, 
        "frequency": 1, 
        "last_run": "2017-02-04T05:29:36.518Z", 
        "expected_num_hosts": 0, 
        "allowed_num_failures": 0, 
        "text_match": null, 
        "created_by": 1, 
        "username": null, 
        "importance": "ERROR", 
        "calculated_status": "passing", 
        "cached_health": "1,1,1,1,1,1,1,1,1,1", 
        "active": true, 
        "password": null, 
        "polymorphic_ctype": 28, 
        "endpoint": null, 
        "name": "physical_ctl3_memfree", 
        "verify_ssl_certificate": true, 
        "debounce": 0, 
        "value": "4096000000", 
        "timeout": 30
    }
},
{
    "pk": 11, 
    "model": "cabotapp.statuscheck", 
    "fields": {
        "check_type": "<=", 
        "status_code": "200", 
        "metric": "collectd.online-ctrl-03.df-root.df_complex-free", 
        "max_queued_build_time": null, 
        "frequency": 1, 
        "last_run": "2017-02-04T05:32:03.457Z", 
        "expected_num_hosts": 0, 
        "allowed_num_failures": 0, 
        "text_match": null, 
        "created_by": 1, 
        "username": null, 
        "importance": "ERROR", 
        "calculated_status": "passing", 
        "cached_health": "1,1,1,1,1,1,1,1,1,1", 
        "active": true, 
        "password": null, 
        "polymorphic_ctype": 28, 
        "endpoint": null, 
        "name": "physical_ctl3_rootfree", 
        "verify_ssl_certificate": true, 
        "debounce": 0, 
        "value": "10000000000", 
        "timeout": 30
    }
},
{
    "pk": 12, 
    "model": "cabotapp.statuscheck", 
    "fields": {
        "check_type": ">=", 
        "status_code": "200", 
        "metric": "asPercent(collectd.online-ctrl-03.load.load.shortterm, alias(sumSeries(offset(scale(collectd.online-ctrl-03.cpu-*.cpu-idle, 0), 1)), 'cpu'))", 
        "max_queued_build_time": null, 
        "frequency": 1, 
        "last_run": "2017-02-04T05:31:56.882Z", 
        "expected_num_hosts": 0, 
        "allowed_num_failures": 0, 
        "text_match": null, 
        "created_by": 1, 
        "username": null, 
        "importance": "ERROR", 
        "calculated_status": "passing", 
        "cached_health": "1,1,1,1,1,1,1,1,1,1", 
        "active": true, 
        "password": null, 
        "polymorphic_ctype": 28, 
        "endpoint": null, 
        "name": "physical_ctl3_sysload", 
        "verify_ssl_certificate": true, 
        "debounce": 0, 
        "value": "60", 
        "timeout": 30
    }
},
{
    "pk": 13, 
    "model": "cabotapp.statuscheck", 
    "fields": {
        "check_type": ">", 
        "status_code": "200", 
        "metric": "alias(removeAbovePercentile(sumSeries(collectd.*.ceph-ceph-pool-*.gauge-read_bytes_sec), 99), 'Read')", 
        "max_queued_build_time": null, 
        "frequency": 1, 
        "last_run": "2017-02-04T05:33:56.854Z", 
        "expected_num_hosts": 0, 
        "allowed_num_failures": 0, 
        "text_match": null, 
        "created_by": 1, 
        "username": null, 
        "importance": "CRITICAL", 
        "calculated_status": "passing", 
        "cached_health": "1,1,1,1,1,1,1,1,1,1", 
        "active": true, 
        "password": null, 
        "polymorphic_ctype": 28, 
        "endpoint": null, 
        "name": "Read_Throughput", 
        "verify_ssl_certificate": true, 
        "debounce": 0, 
        "value": "1000000000", 
        "timeout": 30
    }
},
{
    "pk": 14, 
    "model": "cabotapp.statuscheck", 
    "fields": {
        "check_type": ">", 
        "status_code": "200", 
        "metric": "asPercent(alias(collectd.*.ceph-ceph-cluster.gauge-total_used, 'Total Used'), alias(collectd.*.ceph-ceph-cluster.gauge-total_space, 'Total Space'))", 
        "max_queued_build_time": null, 
        "frequency": 1, 
        "last_run": "2017-02-04T05:34:44.422Z", 
        "expected_num_hosts": 0, 
        "allowed_num_failures": 0, 
        "text_match": null, 
        "created_by": 1, 
        "username": null, 
        "importance": "CRITICAL", 
        "calculated_status": "passing", 
        "cached_health": "1,1,1,1,1,1,1,1,1,1", 
        "active": true, 
        "password": null, 
        "polymorphic_ctype": 28, 
        "endpoint": null, 
        "name": "Storage_Usage", 
        "verify_ssl_certificate": true, 
        "debounce": 0, 
        "value": "90", 
        "timeout": 30
    }
},
{
    "pk": 15, 
    "model": "cabotapp.statuscheck", 
    "fields": {
        "check_type": "==", 
        "status_code": "200", 
        "metric": "vanecloud.cinder_api_local_check.cinder_api_local_status", 
        "max_queued_build_time": null, 
        "frequency": 1, 
        "last_run": "2017-02-04T05:35:08.402Z", 
        "expected_num_hosts": 0, 
        "allowed_num_failures": 0, 
        "text_match": null, 
        "created_by": 1, 
        "username": null, 
        "importance": "ERROR", 
        "calculated_status": "passing", 
        "cached_health": "1,1,1,1,-1,1,1,1,1,1", 
        "active": true, 
        "password": null, 
        "polymorphic_ctype": 28, 
        "endpoint": null, 
        "name": "vanecloud_cinder_api", 
        "verify_ssl_certificate": true, 
        "debounce": 0, 
        "value": "0", 
        "timeout": 30
    }
},
{
    "pk": 16, 
    "model": "cabotapp.statuscheck", 
    "fields": {
        "check_type": "==", 
        "status_code": "200", 
        "metric": "vanecloud.cinder_service_check.cinder_service_check_status", 
        "max_queued_build_time": null, 
        "frequency": 1, 
        "last_run": "2017-02-04T05:33:10.325Z", 
        "expected_num_hosts": 0, 
        "allowed_num_failures": 0, 
        "text_match": null, 
        "created_by": 1, 
        "username": null, 
        "importance": "ERROR", 
        "calculated_status": "passing", 
        "cached_health": "1,1,1,1,1,1,1,1,1,1", 
        "active": true, 
        "password": null, 
        "polymorphic_ctype": 28, 
        "endpoint": null, 
        "name": "vanecloud_cinder_service", 
        "verify_ssl_certificate": true, 
        "debounce": 0, 
        "value": "0", 
        "timeout": 30
    }
},
{
    "pk": 17, 
    "model": "cabotapp.statuscheck", 
    "fields": {
        "check_type": ">", 
        "status_code": "200", 
        "metric": "asPercent(vanecloud.nova_api_local_check.nova_instances_in_state_ERROR,sumSeries(vanecloud.nova_api_local_check.nova_instances_in_state_*))", 
        "max_queued_build_time": null, 
        "frequency": 1, 
        "last_run": "2017-02-04T05:31:40.271Z", 
        "expected_num_hosts": 0, 
        "allowed_num_failures": 0, 
        "text_match": null, 
        "created_by": 1, 
        "username": null, 
        "importance": "ERROR", 
        "calculated_status": "passing", 
        "cached_health": "1,1,1,1,1,1,1,1,1,1", 
        "active": true, 
        "password": null, 
        "polymorphic_ctype": 28, 
        "endpoint": null, 
        "name": "vanecloud_error_instances", 
        "verify_ssl_certificate": true, 
        "debounce": 0, 
        "value": "1", 
        "timeout": 30
    }
},
{
    "pk": 18, 
    "model": "cabotapp.statuscheck", 
    "fields": {
        "check_type": ">", 
        "status_code": "200", 
        "metric": "vanecloud.nova_service_check.nova-compute_error_num", 
        "max_queued_build_time": null, 
        "frequency": 1, 
        "last_run": "2017-02-04T05:33:48.638Z", 
        "expected_num_hosts": 0, 
        "allowed_num_failures": 0, 
        "text_match": null, 
        "created_by": 1, 
        "username": null, 
        "importance": "CRITICAL", 
        "calculated_status": "passing", 
        "cached_health": "1,1,1,1,1,1,1,1,1,1", 
        "active": true, 
        "password": null, 
        "polymorphic_ctype": 28, 
        "endpoint": null, 
        "name": "vanecloud_error_nova_compute", 
        "verify_ssl_certificate": true, 
        "debounce": 0, 
        "value": "1", 
        "timeout": 30
    }
},
{
    "pk": 19, 
    "model": "cabotapp.statuscheck", 
    "fields": {
        "check_type": "==", 
        "status_code": "200", 
        "metric": "vanecloud.galera_check.galera_check_status", 
        "max_queued_build_time": null, 
        "frequency": 1, 
        "last_run": "2017-02-04T05:35:14.429Z", 
        "expected_num_hosts": 0, 
        "allowed_num_failures": 0, 
        "text_match": null, 
        "created_by": 1, 
        "username": null, 
        "importance": "CRITICAL", 
        "calculated_status": "passing", 
        "cached_health": "1,1,1,1,1,1,1,1,1,1", 
        "active": true, 
        "password": null, 
        "polymorphic_ctype": 28, 
        "endpoint": null, 
        "name": "vanecloud_galera_service", 
        "verify_ssl_certificate": true, 
        "debounce": 0, 
        "value": "0", 
        "timeout": 30
    }
},
{
    "pk": 20, 
    "model": "cabotapp.statuscheck", 
    "fields": {
        "check_type": "==", 
        "status_code": "200", 
        "metric": "vanecloud.glance_api_local_check.glance_api_local_status", 
        "max_queued_build_time": null, 
        "frequency": 1, 
        "last_run": "2017-02-04T05:33:27.435Z", 
        "expected_num_hosts": 0, 
        "allowed_num_failures": 0, 
        "text_match": null, 
        "created_by": 1, 
        "username": null, 
        "importance": "ERROR", 
        "calculated_status": "passing", 
        "cached_health": "1,1,1,1,1,1,1,1,1,1", 
        "active": true, 
        "password": null, 
        "polymorphic_ctype": 28, 
        "endpoint": null, 
        "name": "vanecloud_glance_api", 
        "verify_ssl_certificate": true, 
        "debounce": 0, 
        "value": "0", 
        "timeout": 30
    }
},
{
    "pk": 21, 
    "model": "cabotapp.statuscheck", 
    "fields": {
        "check_type": "==", 
        "status_code": "200", 
        "metric": "vanecloud.glance_registry_local_check.glance_registry_local_status", 
        "max_queued_build_time": null, 
        "frequency": 1, 
        "last_run": "2017-02-04T05:33:50.421Z", 
        "expected_num_hosts": 0, 
        "allowed_num_failures": 0, 
        "text_match": null, 
        "created_by": 1, 
        "username": null, 
        "importance": "ERROR", 
        "calculated_status": "passing", 
        "cached_health": "1,1,1,1,1,1,1,1,1,1", 
        "active": true, 
        "password": null, 
        "polymorphic_ctype": 28, 
        "endpoint": null, 
        "name": "vanecloud_glance_registry", 
        "verify_ssl_certificate": true, 
        "debounce": 0, 
        "value": "0", 
        "timeout": 30
    }
},
{
    "pk": 22, 
    "model": "cabotapp.statuscheck", 
    "fields": {
        "check_type": "==", 
        "status_code": "200", 
        "metric": "vanecloud.gpfs_check.cluster.online_status", 
        "max_queued_build_time": null, 
        "frequency": 1, 
        "last_run": "2017-02-04T05:33:44.029Z", 
        "expected_num_hosts": 0, 
        "allowed_num_failures": 0, 
        "text_match": null, 
        "created_by": 1, 
        "username": null, 
        "importance": "ERROR", 
        "calculated_status": "passing", 
        "cached_health": "1,1,1,1,1,1,1,1,1,1", 
        "active": true, 
        "password": null, 
        "polymorphic_ctype": 28, 
        "endpoint": null, 
        "name": "vanecloud_gpfs", 
        "verify_ssl_certificate": true, 
        "debounce": 0, 
        "value": "0", 
        "timeout": 30
    }
},
{
    "pk": 23, 
    "model": "cabotapp.statuscheck", 
    "fields": {
        "check_type": "==", 
        "status_code": "200", 
        "metric": "vanecloud.heat_api_local_check.heat_api_local_status", 
        "max_queued_build_time": null, 
        "frequency": 1, 
        "last_run": "2017-02-04T05:33:30.272Z", 
        "expected_num_hosts": 0, 
        "allowed_num_failures": 0, 
        "text_match": null, 
        "created_by": 1, 
        "username": null, 
        "importance": "ERROR", 
        "calculated_status": "passing", 
        "cached_health": "1,1,1,1,1,1,1,1,1,1", 
        "active": true, 
        "password": null, 
        "polymorphic_ctype": 28, 
        "endpoint": null, 
        "name": "vanecloud_heat_api", 
        "verify_ssl_certificate": true, 
        "debounce": 0, 
        "value": "0", 
        "timeout": 30
    }
},
{
    "pk": 24, 
    "model": "cabotapp.statuscheck", 
    "fields": {
        "check_type": "==", 
        "status_code": "200", 
        "metric": "vanecloud.keystone_api_local_check.keystone_api_local_status", 
        "max_queued_build_time": null, 
        "frequency": 1, 
        "last_run": "2017-02-04T05:33:58.471Z", 
        "expected_num_hosts": 0, 
        "allowed_num_failures": 0, 
        "text_match": null, 
        "created_by": 1, 
        "username": null, 
        "importance": "CRITICAL", 
        "calculated_status": "passing", 
        "cached_health": "1,1,1,1,1,1,1,1,1,1", 
        "active": true, 
        "password": null, 
        "polymorphic_ctype": 28, 
        "endpoint": null, 
        "name": "vanecloud_keystone_api", 
        "verify_ssl_certificate": true, 
        "debounce": 0, 
        "value": "0", 
        "timeout": 30
    }
},
{
    "pk": 25, 
    "model": "cabotapp.statuscheck", 
    "fields": {
        "check_type": "==", 
        "status_code": "200", 
        "metric": "vanecloud.memcached_status.memcache_api_local_status", 
        "max_queued_build_time": null, 
        "frequency": 1, 
        "last_run": "2017-02-04T05:31:34.976Z", 
        "expected_num_hosts": 0, 
        "allowed_num_failures": 0, 
        "text_match": null, 
        "created_by": 1, 
        "username": null, 
        "importance": "ERROR", 
        "calculated_status": "passing", 
        "cached_health": "1,1,1,1,1,1,1,1,1,1", 
        "active": true, 
        "password": null, 
        "polymorphic_ctype": 28, 
        "endpoint": null, 
        "name": "vanecloud_memcache_api", 
        "verify_ssl_certificate": true, 
        "debounce": 0, 
        "value": "0", 
        "timeout": 30
    }
},
{
    "pk": 26, 
    "model": "cabotapp.statuscheck", 
    "fields": {
        "check_type": "==", 
        "status_code": "200", 
        "metric": "vanecloud.neutron_api_local_check.neutron_api_local_status", 
        "max_queued_build_time": null, 
        "frequency": 1, 
        "last_run": "2017-02-04T05:34:21.300Z", 
        "expected_num_hosts": 0, 
        "allowed_num_failures": 0, 
        "text_match": null, 
        "created_by": 1, 
        "username": null, 
        "importance": "CRITICAL", 
        "calculated_status": "passing", 
        "cached_health": "1,1,1,1,1,1,1,1,1,1", 
        "active": true, 
        "password": null, 
        "polymorphic_ctype": 28, 
        "endpoint": null, 
        "name": "vanecloud_neutron_api", 
        "verify_ssl_certificate": true, 
        "debounce": 0, 
        "value": "0", 
        "timeout": 30
    }
},
{
    "pk": 27, 
    "model": "cabotapp.statuscheck", 
    "fields": {
        "check_type": "==", 
        "status_code": "200", 
        "metric": "vanecloud.neutron_service_check.neutron_service_check_status", 
        "max_queued_build_time": null, 
        "frequency": 1, 
        "last_run": "2017-02-04T05:33:27.433Z", 
        "expected_num_hosts": 0, 
        "allowed_num_failures": 0, 
        "text_match": null, 
        "created_by": 1, 
        "username": null, 
        "importance": "ERROR", 
        "calculated_status": "passing", 
        "cached_health": "1,1,1,1,1,1,1,1,1,1", 
        "active": true, 
        "password": null, 
        "polymorphic_ctype": 28, 
        "endpoint": null, 
        "name": "vanecloud_neutron_service", 
        "verify_ssl_certificate": true, 
        "debounce": 0, 
        "value": "0", 
        "timeout": 30
    }
},
{
    "pk": 28, 
    "model": "cabotapp.statuscheck", 
    "fields": {
        "check_type": "==", 
        "status_code": "200", 
        "metric": "vanecloud.nova_service_check.nova_service_check_status", 
        "max_queued_build_time": null, 
        "frequency": 1, 
        "last_run": "2017-02-04T05:33:19.766Z", 
        "expected_num_hosts": 0, 
        "allowed_num_failures": 0, 
        "text_match": null, 
        "created_by": 1, 
        "username": null, 
        "importance": "CRITICAL", 
        "calculated_status": "passing", 
        "cached_health": "1,1,1,1,1,1,1,1,1,1", 
        "active": true, 
        "password": null, 
        "polymorphic_ctype": 28, 
        "endpoint": null, 
        "name": "vanecloud_nova_api", 
        "verify_ssl_certificate": true, 
        "debounce": 0, 
        "value": "0", 
        "timeout": 30
    }
},
{
    "pk": 29, 
    "model": "cabotapp.statuscheck", 
    "fields": {
        "check_type": "==", 
        "status_code": "200", 
        "metric": "vanecloud.nova_service_check.nova_service_check_status", 
        "max_queued_build_time": null, 
        "frequency": 1, 
        "last_run": "2017-02-04T05:33:39.350Z", 
        "expected_num_hosts": 0, 
        "allowed_num_failures": 0, 
        "text_match": null, 
        "created_by": 1, 
        "username": null, 
        "importance": "CRITICAL", 
        "calculated_status": "passing", 
        "cached_health": "1,1,1,1,1,1,1,1,1,1", 
        "active": true, 
        "password": null, 
        "polymorphic_ctype": 28, 
        "endpoint": null, 
        "name": "vanecloud_nova_service", 
        "verify_ssl_certificate": true, 
        "debounce": 0, 
        "value": "0", 
        "timeout": 30
    }
},
{
    "pk": 30, 
    "model": "cabotapp.statuscheck", 
    "fields": {
        "check_type": ">", 
        "status_code": "200", 
        "metric": "alias(removeAbovePercentile(sumSeries(collectd.*.ceph-ceph-pool-*.gauge-write_bytes_sec), 99), 'Write')", 
        "max_queued_build_time": null, 
        "frequency": 1, 
        "last_run": "2017-02-04T05:33:37.725Z", 
        "expected_num_hosts": 0, 
        "allowed_num_failures": 0, 
        "text_match": null, 
        "created_by": 1, 
        "username": null, 
        "importance": "CRITICAL", 
        "calculated_status": "passing", 
        "cached_health": "1,1,1,1,1,1,1,1,1,1", 
        "active": true, 
        "password": null, 
        "polymorphic_ctype": 28, 
        "endpoint": null, 
        "name": "Write_Throughput", 
        "verify_ssl_certificate": true, 
        "debounce": 0, 
        "value": "1000000000", 
        "timeout": 30
    }
},
{
    "pk": 1, 
    "model": "cabotapp.alertplugin", 
    "fields": {
        "title": "Hipchat", 
        "enabled": true, 
        "polymorphic_ctype": 32
    }
},
{
    "pk": 2, 
    "model": "cabotapp.alertplugin", 
    "fields": {
        "title": "Twilio Phone Call", 
        "enabled": true, 
        "polymorphic_ctype": 34
    }
},
{
    "pk": 3, 
    "model": "cabotapp.alertplugin", 
    "fields": {
        "title": "Twilio SMS", 
        "enabled": true, 
        "polymorphic_ctype": 35
    }
},
{
    "pk": 4, 
    "model": "cabotapp.alertplugin", 
    "fields": {
        "title": "Email", 
        "enabled": true, 
        "polymorphic_ctype": 37
    }
}
]
